Membrane_Potential.csv,2019-06-18 18:58:30.461915,Membrane Potential csv,data:text/csv
I_ca.csv,2019-06-18 18:58:30.462012,LCC current csv,data:text/csv
Ca_SRT.csv,2019-06-18 18:58:30.462109,CaSRT csv,data:text/csv
Ca_Dyad.csv,2019-06-18 18:58:30.462189,Ca Dyad csv,data:text/csv
Ca_sl.csv,2019-06-18 18:58:30.462255,Ca sl csv,data:text/csv
Ca_i.csv,2019-06-18 18:58:30.462324,Cai csv,data:text/csv
I_to.csv,2019-06-18 18:58:30.462392,Ito csv,data:text/csv
I_Na.csv,2019-06-18 18:58:30.462458,INa csv,data:text/csv
I_Ks.csv,2019-06-18 18:58:30.462525,IKs csv,data:text/csv
I_CFTR.csv,2019-06-18 18:58:30.462590,ICFTR csv,data:text/csv
I_Kr.csv,2019-06-18 18:58:30.462671,IKr csv,data:text/csv
I_K1.csv,2019-06-18 18:58:30.462747,IK1 csv,data:text/csv
Na_j.csv,2019-06-18 18:58:30.462811,Naj csv,data:text/csv
Na_s.csv,2019-06-18 18:58:30.462875,Nas csv,data:text/csv
Na_i.csv,2019-06-18 18:58:30.462939,Nal csv,data:text/csv
I_NCX.csv,2019-06-18 18:58:30.463004,Incx csv,data:text/csv
JRyR_tot.csv,2019-06-18 18:58:30.463069,JRyR csv,data:text/csv
Passive_Leak.csv,2019-06-18 18:58:30.463133,Passive Leak csv,data:text/csv
SR_Ca_realease.csv,2019-06-18 18:58:30.463199,SR Ca release csv,data:text/csv
